network,timestamp,text
MSNBC,10:00:30,"SOON: COMEY TESTIFIES ON FIRING, TRUMP MEETINGS"
MSNBC,10:01:30,SENATE INTEL CHIEFS MEETING COMEY AHEAD OF HEARING
FOX,10:02:00,JAMES COMEY HEARING MOMENTS AWAY
FOX,10:03:00,AWAITING TESTIMONY FROM FORMER FBI DIRECTOR
MSNBC,10:03:00,JAMES COMEY ARRIVES ON CAPITOL HILL
MSNBC,10:03:10,FIRED FBI DIRECTOR IN HOT SEAT AT SENATE HEARING
CNN,10:03:20,COMEY ARRIVES FOR SENATE TESTIMONY
CNN,10:04:40,FIRED FBI CHIEF COMEY TESTIFIES IN TRUMP/RUSSIA PROBE
FOX,10:10:30,OPENING STATEMENTS UNDERWAY IN SENATE INTEL. CMTE
CNN,10:10:40,FIRED FBI CHIEF COMEY TESTIFIES AT SENATE HEARING
MSNBC,10:14:00,"COMEY FACING GRILLING OVER RUSSIA PROBE,
CLINTON EMAIL INVESTIGATION AT SENATE HEARING"
MSNBC,10:14:30,COMEY TO OUTLINE CLOSED-DOOR MEETINGS WITH TRUMP
CNN,10:14:40,WARNER: NEVER HAD REASON TO QUESTION COMEY'S INTEGRITY
FOX,10:14:50,"SEN WARNER (D-VA): NUMEROUS TRUMP
ASSOCIATES HAD CONTACTS WITH RUSSIANS"
MSNBC,10:15:00,"COMEY FACING GRILLING OVER RUSSIA PROBE,
CLINTON EMAIL INVESTIGATION AT SENATE HEARING"
FOX,10:15:10,"SEN WARNER (D-VA): THIS IS NOT ABOUT
RE-LITIGATING THE ELECT"
FOX,10:15:30,"SEN WARNER (D-VA): WE MUST FIND OUT WHAT THE
THE RUSSIANS DID AND WHY THEY WERE SUCCESSFUL"
FOX,10:15:40,"SEN WARNER (D-VA): YOU HAVE BEEN
WILLING TO SPEAK TRUTH TO POWER"
FOX,10:16:00,OPENING STATEMENTS UNDERWAY IN SENATE INTEL. CMTE
MSNBC,10:17:10,FIRED FBI CHIEF FACING QUESTIONS AT SENATE HEARING
FOX,10:17:20,"SEN WARNER (D-VA): DIRECTOR COMEY WAS
FIRED AFTER REFUSING PRESIDENT'S REQUESTS"
FOX,10:17:40,"SEN WARNER (D-VA): COMEY DENIED THE
PRESIDENT'S IMPROPER REQUESTS"
FOX,10:18:30,OPENING STATEMENTS UNDERWAY IN SENATE INTEL. CMTE
FOX,10:19:20,FMR FBI DIRECTOR GIVES OPENING STATEMENT
MSNBC,10:19:30,COMEY DETAILING TRUMP MEETINGS AT SENATE HEARING
FOX,10:20:50,"COMEY: I WILL NOT REPEAT MY STATEMENT
THAT I HAVE SUBMITTED FOR THE RECORD"
CNN,10:21:00,"COMEY ON FIRING: ""SHIFTING EXPLANATIONS CONFUSED ME""

Says Trump admin's changing story ""increasingly concerned me"""
FOX,10:21:10,FMR FBI DIRECTOR TESTIFIES BEFORE SENATE PANEL
MSNBC,10:21:20,"COMEY: ""SHIFTING EXPLANATIONS"" FOR FIRING ""CONFUSED ME"""
CNN,10:21:40,"COMEY: TRUMP ADMIN ""CHOSE TO DEFAME ME"""
MSNBC,10:22:10,"COMEY: TRUMP ""DEFAMED FBI IN FIRING EXPLANATION"
CNN,10:22:20,FIRED FBI CHIEF COMEY TESTIFIES AT SENATE HEARING
FOX,10:22:30,FMR FBI DIRECTOR GIVES OPENING STATEMENT
CNN,10:22:40,"COMEY: TRUMP ADMIN ""CHOSE TO DEFAME ME""

Says ""those were lies,"" he's sorry FBI ""had to hear them"""
CNN,10:23:10,COMEY: TRUMP ADMIN LIED ABOUT ME & FBI
FOX,10:23:20,FMR FBI DIRECTOR TESTIFIES BEFORE SENATE PANEL
MSNBC,10:23:20,"COMEY: TRUMP ""DEFAMED ME AND THE FBI"" WITH ""LIES"""
FOX,10:24:00,COMEY: TRUMP ADMINISTRATION CHOSE TO DEFAME ME
MSNBC,10:24:00,"COMEY: ""SHIFTING EXPLANATIONS"" FOR FIRING ""CONFUSED ME"""
CNN,10:24:10,COMEY: NO DOUBT RUSSIA MEDDLED IN ELECTION
MSNBC,10:24:20,"COMEY: ""CONFUSED"" BY TRUMP'S
PUBLIC EXPLANATIONS OF FIRING"
FOX,10:24:30,FMR FBI DIRECTOR TESTIFIES BEFORE SENATE PANEL
MSNBC,10:24:40,"COMEY: TRUMP ""DEFAMED"" FBI IN FIRING EXPLANATION"
MSNBC,10:25:10,"COMEY: TRUMP ""DEFAMED ME AND THE FBI"" WITH ""LIES"""
MSNBC,10:25:20,"COMEY: ""NO DOUBT"" RUSSIA BEHIND ELECTION HACKS"
CNN,10:25:30,COMEY: TRUMP ADMIN LIED ABOUT ME & FBI
FOX,10:25:40,"COMEY: I WILL NOT REPEAT MY STATEMENT
THAT I HAVE SUBMITTED FOR THE RECORD"
MSNBC,10:25:40,"COMEY: ""CONFIDENT"" NO VOTES ALTERED BY RUSSIA HACK"
FOX,10:26:00,"COMEY: THE PRESIDENT REPEATEDLY
TOLD ME I WAS DOING A GREAT JOB"
MSNBC,10:26:00,"COMEY: TRUMP DIDN'T ASK ME TO DROP
PROBE OF RUSSIA ELECTION HACKS"
CNN,10:26:10,"COMEY: FLYNN ""WAS IN LEGAL JEOPARDY"""
FOX,10:26:20,"COMEY: THE WORK OF THE FBI
WILL GO ON BEYOND MY WORK THERE"
CNN,10:26:30,"COMEY: TRUMP TALKS ON FLYNN ""EXTREMELY DISTURBING"""
FOX,10:26:40,FMR FBI DIRECTOR TESTIFIES BEFORE SENATE PANEL
MSNBC,10:26:50,"COMEY: ""SHIFTING EXPLANATIONS"" FOR FIRING ""CONFUSED ME"""
FOX,10:27:00,COMEY: TRUMP ADMINISTRATION CHOSE TO DEFAME ME
MSNBC,10:27:10,"COMEY: NOT ""FOR ME TO SAY"" IF TRUMP'S
FLYNN REQUEST WAS OBSTRUCTION"
FOX,10:27:20,COMEY: NOBODY ASKED ME TO STOP RUSSIA PROBE
CNN,10:27:30,COMEY: NOT FOR ME TO SAY IF TRUMP COMMITTED OBSTRUCTION
MSNBC,10:27:40,"COMEY: ""SHIFTING EXPLANATIONS"" FOR FIRING ""CONFUSED ME"""
FOX,10:28:00,"COMEY: GENERAL FLYNN WAS IN LEGAL JEOPARDY
AT TIME OF FEBRUARY 14 CONVERSATION"
MSNBC,10:28:00,"COMEY: ""CONFUSED"" BY TRUMP'S
PUBLIC EXPLANATIONS OF FIRING"
FOX,10:28:20,FMR FBI DIRECTOR TESTIFIES BEFORE SENATE PANEL
MSNBC,10:28:40,"COMEY: TRUMP ""DEFAMED"" FBI IN FIRING EXPLANATION"
FOX,10:28:50,COMEY: NOT FOR ME TO SAY IF TRUMP OBSTRUCTED
MSNBC,10:28:50,"COMEY: TRUMP ""DEFAMED ME"" AND THE FBI WITH ""LIES"""
CNN,10:29:00,FIRED FBI CHIEF COMEY TESTIFIES AT SENATE HEARING
MSNBC,10:29:10,"COMEY: ""NO DOUBT"" RUSSIA BEHIND ELECTION HACKS"
CNN,10:29:10,COMEY: TRUMP ADMIN LIED ABOUT ME & FBI
MSNBC,10:29:50,"COMEY: ""CONFIDENT"" NO VOTES ALTERED BY RUSSIA HACK"
CNN,10:30:00,COMEY: NO DOUBT RUSSIA MEDDLED IN ELECTION
CNN,10:30:10,COMEY: NOT FOR ME TO SAY IF TRUMP COMMITTED OBSTRUCTION
MSNBC,10:30:30,"COMEY: TRUMP DIDN'T ASK ME TO DROP
PROBE OF RUSSIA ELECTION HACKS"
CNN,10:30:40,COMEY: TRUMP ADMIN LIED ABOUT ME & FBI
FOX,10:31:10,COMEY: NOBODY ASKED ME TO STOP RUSSIA PROBE
MSNBC,10:31:20,"COMEY: ""SURE"" SPECIAL COUNSEL IS LOOKING
INTO WHETHER TRUMP OBSTRUCTED JUSTICE"
CNN,10:31:30,"COMEY: ""MASSIVE EFFORT"" BY RUSSIA TO TARGET ELECTION

Says ""at least hundreds"" of government, nonprofit, other agencies targeted"
FOX,10:31:40,FMR FBI DIRECTOR TESTIFIES BEFORE SENATE PANEL
FOX,10:32:00,"COMEY: I WILL NOT REPEAT MY STATEMENT
THAT I HAVE SUBMITTED FOR THE RECORD"
CNN,10:32:20,COMEY: TRUMP ADMIN LIED ABOUT ME & FBI
FOX,10:32:30,"COMEY: THE PRESIDENT REPEATEDLY
TOLD ME I WAS DOING A GREAT JOB"
CNN,10:32:40,COMEY: FBI KNEW OF RUSSIA HACK ATTEMPTS IN LATE 2O15
FOX,10:32:50,"COMEY: THE WORK OF THE FBI
WILL GO ON BEYOND MY WORK THERE"
FOX,10:33:10,"COMEY: THE FBI IS HONEST STRONG
AND WILL ALWAYS BE INDEPENDENT"
CNN,10:33:10,COMEY: TRUMP ADMIN LIED ABOUT ME & FBI
MSNBC,10:33:40,"COMEY: TRUMP'S FLYNN REQUEST ""DISTURBING"""
CNN,10:33:40,FIRED FBI CHIEF COMEY TESTIFIES AT SENATE HEARING
CNN,10:34:00,COMEY: TRUMP ADMIN LIED ABOUT ME & FBI
FOX,10:34:20,COMEY: NOT FOR ME TO SAY IF TRUMP OBSTRUCTED
MSNBC,10:34:30,"COMEY: ""SURE"" SPECIAL COUNSEL IS LOOKING
INTO WHETHER TRUMP OBSTRUCTED JUSTICE"
CNN,10:34:40,"COMEY: AG TOLD ME NOT TO CALL IT AN INVESTIGATION

Says Sessions' request to call it ""a matter"" concerned him"
FOX,10:34:50,"COMEY: THE PRESIDENT REPEATEDLY
TOLD ME I WAS DOING A GREAT JOB"
MSNBC,10:35:00,"COMEY: CAN'T SAY IN OPEN SETTING IF PARTS
OF TRUMP-RUSSIA DOSSIER WERE VERIFIED"
FOX,10:35:10,COMEY: TRUMP ADMINISTRATION CHOSE TO DEFAME ME
MSNBC,10:35:20,"COMEY: ""SHIFI'ING EXPLANATIONS"" FOR FIRING ""CONFUSED ME"""
CNN,10:35:20,FIRED FBI CHIEF COMEY TESTIFIES AT SENATE HEARING
FOX,10:35:40,COMEY: NOT FOR ME TO SAY IF TRUMP OBSTRUCTED
MSNBC,10:36:00,"COMEY: ""CONFUSED"" BY TRUMP'S
PUBLIC EXPLANATIONS OF FIRING"
FOX,10:36:10,COMEY: NOBODY ASKED ME TO STOP RUSSIA PROBE
MSNBC,10:36:20,"COMEY: TRUMP ""DEFAMED ME"" AND THE FBI WITH ""LIES"""
MSNBC,10:36:40,"COMEY: ""NO DOUBT"" RUSSIA BEHIND ELECTION HACKS"
MSNBC,10:37:00,"COMEY: ""CONFIDENT"" NO VOTES ALTERED BY RUSSIA HACK"
CNN,10:37:10,COMEY: TRUMP ADMIN LIED ABOUT ME & FBI
FOX,10:37:20,COMEY: TRUMP ADMINISTRATION CHOSE TO DEFAME ME
MSNBC,10:37:30,"COMEY: NOT ""FOR ME TO SAY"" IF TRUMP'S
FLYNN REQUEST WAS OBSTRUCT ION"
FOX,10:39:00,COMEY: CONCERNED PRES MIGHT ME ABOUT MEETING
FOX,10:39:30,COMEY: NOT FOR ME TO SAY IF TRUMP OBSTRUCTED
FOX,10:40:40,COMEY: NOBODY ASKED ME TO STOP RUSSIA PROBE
FOX,10:41:40,COMEY: TRUMP ADMINISTRATION CHOSE TO DEFAME ME
CNN,10:42:00,FIRED FBI CHIEF COMEY TESTIFIES AT SENATE HEARING
FOX,10:43:10,COMEY: CONCERNED PRES MIGHT LIE ABOUT MEETING
FOX,10:44:20,COMEY: PRESIDENT TRUMP ASKED ME FOR LOYALTY
MSNBC,10:45:40,"COMEY: WROTE TRUMP MEMOS BECAUSE
""I WAS HONESTLY CONCERNED THAT HE MIGHT LIE"""
FOX,10:46:30,"COMEY: DINNER WITH PRESIDENT
WAS AN EFFORT TO GET MY LOYALTY"
FOX,10:46:50,COMEY: NOBODY ASKED ME TO STOP RUSSIA PROBE
CNN,10:47:00,COMEY: I KNEW I NEEDED TO DOCUMENT TRUMP MEETING
FOX,10:47:30,COMEY: NOT FOR ME TO SAY IF TRUMP OBSTRUCTED
FOX,10:48:00,COMEY: CONCERNED PRES MIGHT LIE ABOUT MEETING
MSNBC,10:48:30,COMEY: TRUMP LIED ABOUT REASONS FOR FIRING
FOX,10:48:40,COMEY: PRESIDENT TRUMP ASKED ME FOR LOYALTY
MSNBC,10:49:00,"COMEY: WROTE MEETING NOTES BECAUSE I ""KNEW""
I MIGHT NEED RECORD TO DEFEND MYSELF, FBI"
CNN,10:49:10,COMEY: TRUMP ADMIN LIED ABOUT ME & FBI
MSNBC,10:49:20,"COMEY: WROTE TRUMP MEMOS BECAUSE
""I WAS HONESTLY CONCERNED THAT HE MIGHT LIE"""
MSNBC,10:49:30,COMEY: TRUMP LIED ABOUT REASONS FOR FIRING
MSNBC,10:50:00,"COMEY: ""SURE"" SPECIAL COUNSEL IS LOOKING
INTO WHETHER TRUMP OBSTRUCTED JUSTICE"
MSNBC,10:50:50,"COMEY: ""NO DOUBT"" RUSSIA BEHIND ELECTION HACKS"
FOX,10:51:10,COMEY: NOBODY ASKED ME TO STOP RUSSIA PROBE
MSNBC,10:51:10,COMEY: TRUMP LIED ABOUT REASONS FOR FIRING
FOX,10:51:40,COMEY: NOT FOR ME TO SAY IF TRUMP OBSTRUCTED
MSNBC,10:52:10,"COMEY: TRUMP'S FLYNN REQUEST ""DISTURBING"""
FOX,10:52:30,COMEY: PRES DID NOT ORDER ME TO LET FLYNN PROBE GO
MSNBC,10:52:40,"COMEY: TRUMP'S FLYNN REQUEST ""DISTURBING"""
FOX,10:53:20,COMEY: PRESIDENT TRUMP ASKED ME FOR LOYALTY
MSNBC,10:53:30,COMEY: TRUMP LIED ABOUT REASONS FOR FIRING
CNN,10:53:30,COMEY: I TOOK TRUMP'S WORDS AS DIRECTION
MSNBC,10:54:10,"COMEY: I TAKE TRUMP ""AT HIS WORD"" THAT I
WAS FIRED ""BECAUSE OF THE RUSSIA INVESTIGATION"""
MSNBC,10:55:40,COMEY: TRUMP LIED ABOUT REASONS FOR FIRING
CNN,10:56:00,COMEY: TRUMP ADMIN LIED ABOUT ME & FBI
FOX,10:56:10,COMEY: RUSSIA PROBE PLAYED ROLE IN MY FIRING
MSNBC,10:56:30,"COMEY: I TAKE TRUMP ""AT HIS WORD"" THAT I
WAS FIRED ""BECAUSE OF THE RUSSIA INVESTIGATION"""
FOX,10:57:00,COMEY: PRES DID NOT ORDER ME TO LET FLYNN PROBE GO
MSNBC,10:57:00,COMEY: TRUMP LIED ABOUT REASONS FOR FIRING
CNN,10:57:10,"COMEY: ""I WAS STUNNED"" BY CONVERSATION WITH PRESIDENT"
FOX,10:57:40,COMEY: CONCERNED PRES MIGHT LIE ABOUT MEETING
MSNBC,10:57:40,"COMEY: ""I HOPE THERE ARE TAPES"" OF TRUMP MEETINGS"
CNN,10:57:50,"COMEY: ""l WAS STUNNED"" BY CONVERSATION WITH PRESIDENT

Fired FBI chief says he hopes there are tapes of meeting"
MSNBC,10:58:00,COMEY: TRUMP LIED ABOUT REASONS FOR FIRING
MSNBC,10:58:20,"COMEY: I TAKE TRUMP ""AT HIS WORD"" THAT I
WAS FIRED ""BECAUSE OF THE RUSSIA INVESTIGATION"""
CNN,10:58:30,COMEY: I HOPE THERE ARE TAPES OF TRUMP MEETING
MSNBC,10:58:40,"COMEY: ""I HOPE THERE ARE TAPES"" OF TRUMP MEETINGS"
MSNBC,10:59:10,COMEY: TRUMP LIED ABOUT REASONS FOR FIRING
FOX,10:59:30,COMEY: RUSSIA PROBE PLAYED ROLE IN MY FIRING
MSNBC,10:59:50,"COMEY: I TAKE TRUMP ""AT HIS WORD""¬ù THAT I
WAS FIRED ""BECAUSE OF THE RUSSIA INVESTIGATION"""
MSNBC,11:00:10,"COMEY: ""I HOPE THERE ARE TAPES"" OF TRUMP MEETINGS"
FOX,11:00:40,COMEY: I HOPE THERE ARE TAPES OF TRUMP MEETINGS
FOX,11:02:00,COMEY: PRES DID NOT ORDER ME TO LET FLYNN PROBE GO
FOX,11:02:30,COMEY: NOT FOR ME TO SAY IF TRUMP OBSTRUCTED
FOX,11:03:10,COMEY: CONCERNED PRES MIGHT LIE ABOUT MEETING
MSNBC,11:03:20,"COMEY: ""CONFUSED"" BY TRUMP'S
PUBLIC EXPLANATIONS OF FIRING"
CNN,11:03:50,COMEY: TRUMP ADMIN LIED ABOUT ME & FBI
MSNBC,11:04:00,"COMEY: I TAKE TRUMP ""AT HIS WORD"" THAT I
WAS FIRED ""BECAUSE OF THE RUSSIA INVESTIGATION"""
FOX,11:04:10,COMEY: PRESIDENT TRUMP ASKED ME FOR LOYALTY
CNN,11:04:50,"COMEY: TRUMP ADMIN ""CHOSE TO DEFAME ME"" AND FBI

 

Says ""those were lies, plain & simple"""
MSNBC,11:05:00,"COMEY: ""LORDY, I HOPE THERE ARE TAPES"" OF TRUMP MEETINGS"
FOX,11:05:10,COMEY: NOT FOR ME TO SAY IF TRUMP OBSTRUCTED
MSNBC,11:05:30,COMEY: TRUMP LIED ABOUT REASONS FOR FIRING
CNN,11:05:50,COMEY: TRUMP ADMIN LIED ABOUT ME & FBI
FOX,11:05:50,COMEY: RUSSIA PROBE PLAYED ROLE IN MY FIRING
FOX,11:06:10,COMEY: NOBODY ASKED ME TO STOP RUSSIA PROBE
MSNBC,11:06:10,"COMEY: I TAKE TRUMP ""AT HIS WORD"" THAT I
WAS FIRED ""BECAUSE OF THE RUSSIA INVESTIGATION"""
MSNBC,11:07:00,"COMEY: ""SURE"" SPECIAL COUNSEL IS LOOKING
INTO WHETHER TRUMP OBSTRUCTED JUSTICE"
CNN,11:07:10,"COMEY: ""LORDY, I HOPE THERE ARE TAPES"" OF TRUMP MEETING"
FOX,11:07:10,COMEY: PRESIDENT TRUMP ASKED ME FOR LOYALTY
MSNBC,11:07:20,"COMEY: WROTE MEETING NOTES BECAUSE I ""KNEW""
I MIGHT NEED RECORD TO DEFEND MYSELF, FBI"
CNN,11:07:20,COMEY: I TOOK TRUMP'S WORDS AS DIRECTION
MSNBC,11:07:40,"COMEY: WROTE TRUMP MEMOS BECAUSE
""I WAS HONESTLY CONCERNED THAT HE MIGHT LIE"""
MSNBC,11:08:40,COMEY: TRUMP LIED ABOUT REASONS FOR FIRING
CNN,11:09:00,"COMEY: ""LORDY, I HOPE THERE ARE TAPES"" OF TRUMP MEETING"
MSNBC,11:09:10,"COMEY: I TAKE TRUMP ""AT HIS WORD"" THAT I
WAS FIRED ""BECAUSE OF THE RUSSIA INVESTIGATION"""
FOX,11:09:20,COMEY: RUSSIA PROBE PLAYED ROLE IN MY FIRING
CNN,11:10:00,COMEY: TRUMP ADMIN LIED ABOUT ME & FBI
FOX,11:10:30,COMEY: PRESIDENT TRUMP ASKED ME FOR LOYALTY
CNN,11:10:40,"COMEY: TRUMP ADMIN ""CHOSE TO DEFAME ME"" AND FBI

 

Says ""those were lies, plain & simple"""
MSNBC,11:10:50,"COMEY: ""LORDY, I HOPE THERE ARE TAPES"" OF TRUMP MEETINGS"
CNN,11:11:00,COMEY: I TOOK TRUMP'S WORDS AS DIRECTION
FOX,11:11:10,COMEY: I HOPE THERE ARE TAPES OF TRUMP MEETINGS
CNN,11:11:10,FIRED FBI CHIEF COMEY TESTIFIES AT SENATE HEARING
MSNBC,11:11:20,"COMEY: ""SURE"" SPECIAL COUNSEL IS LOOKING
INTO WHETHER TRUMP OBSTRUCTED JUSTICE"
CNN,11:11:50,"COMEY: ""LORDY, I HOPE THERE ARE TAPES"" OF TRUMP MEETING"
MSNBC,11:12:00,"COMEY: WROTE MEETING NOTES BECAUSE I ""KNEW""
I MIGHT NEED RECORD TO DEFEND MYSELF, FBI"
FOX,11:12:10,COMEY: RUSSIA PROBE PLAYED ROLE IN MY FIRING
MSNBC,11:12:40,"COMEY: WROTE TRUMP MEMOS BECAUSE
""I WAS HONESTLY CONCERNED THAT HE MIGHT LIE"""
CNN,11:12:40,COMEY: TRUMP ADMIN LIED ABOUT ME & FBI
FOX,11:13:20,COMEY: NOBODY ASKED ME TO STOP RUSSIA PROBE
MSNBC,11:13:20,COMEY: TRUMP LIED ABOUT REASONS FOR FIRING
MSNBC,11:13:50,"COMEY: I TAKE TRUMP ""AT HIS WORD"" THAT I
WAS FIRED ""BECAUSE OF THE RUSSIA INVESTIGATION"""
MSNBC,11:14:20,"COMEY: ""LORDY, I HOPE THERE ARE TAPES"" OF TRUMP MEETINGS"
CNN,11:14:20,"COMEY: l TOOK TRUMP'S WORDS AS DIRECTION

Sen Ron Wyden I (D) Oregon"
MSNBC,11:14:40,"COMEY: ""SURE"" SPECIAL COUNSEL IS LOOKING
INTO WHETHER TRUMP OBSTRUCTED JUSTICE"
FOX,11:15:00,COMEY: I HOPE THERE ARE TAPES OF TRUMP MEETINGS
MSNBC,11:15:20,"COMEY: WROTE MEETING NOTES BECAUSE I ""KNEW""
I MIGHT NEED RECORD TO DEFEND MYSELF, FBI"
CNN,11:15:20,COMEY: TRUMP ADMIN LIED ABOUT ME & FBI
FOX,11:15:30,"COMEY: THE PRESIDENT ONLY EVER ASKED
ABOUT ONE FBI INVESTIGATION"
FOX,11:15:40,"COMEY: THE PRESIDENT WAS
NOT UNDER INVESTIGATION"
CNN,11:16:10,COMEY: I TOOK TRUMP'S WORDS AS DIRECTION
FOX,11:16:20,"COMEY: I TAKE PRESIDENT AT HIS WORD THAT
I WAS FIRED OVER RUSSIA INVESTIGATION"
FOX,11:16:40,"COMEY: PRIMARY CONCERN WAS TO
NOT INFECT INVESTIGATIVE TEAM"
FOX,11:16:50,"COMEY: IT WAS MY JUDGMENT THAT
SESSIONS WOULD RECUSE HIMSELF"
MSNBC,11:17:00,"COMEY: WROTE TRUMP MEMOS BECAUSE
""I WAS HONESTLY CONCERNED THAT HE MIGHT LIE"""
FOX,11:17:10,COMEY: RUSSIA PROBE PLAYED ROLE IN MY FIRING
CNN,11:17:30,COMEY: TRUMP ADMIN LIED ABOUT ME & FBI
MSNBC,11:17:40,COMEY: TRUMP LIED ABOUT REASONS FOR FIRING
FOX,11:17:50,COMEY: PRESIDENT TRUMP ASKED ME FOR LOYALTY
MSNBC,11:18:10,"COMEY: I TAKE TRUMP ""AT HIS WORD"" THAT I
WAS FIRED ""BECAUSE OF THE RUSSIA INVESTIGATION"""
FOX,11:18:20,"COMEY: THE PRESIDENT WAS
NOT UNDER INVESTIGATION"
CNN,11:18:30,"COMEY: TRUMP ADMIN ""CHOSE TO DEFAME ME"" AND FBI

Says ""those were lies, plain & simple"""
FOX,11:18:40,COMEY: NOT FOR ME TO SAY IF TRUMP OBSTRUCTED
MSNBC,11:18:50,"COMEY: ""LORDY, I HOPE THERE ARE TAPES"" OF TRUMP MEETINGS"
CNN,11:19:10,COMEY: l TOOK TRUMP'S WORDS AS DIRECTION
MSNBC,11:19:20,"COMEY: ""SURE"" SPECIAL COUNSEL IS LOOKING
INTO WHETHER TRUMP OBSTRUCTED JUSTICE"
FOX,11:20:00,"COMEY: THE PRESIDENT WAS
NOT UNDER INVESTIGATION"
MSNBC,11:20:10,"COMEY: WROTE MEETING NOTES BECAUSE I ""KNEW""
I MIGHT NEED RECORD TO DEFEND MYSELF, FBI"
CNN,11:20:20,COMEY: TRUMP ADMIN LIED ABOUT ME & FBI
FOX,11:20:30,COMEY: NOBODY ASKED ME TO STOP RUSSIA PROBE
MSNBC,11:20:30,"COMEY: WROTE TRUMP MEMOS BECAUSE
""I WAS HONESTLY CONCERNED THAT HE MIGHT LIE"""
FOX,11:20:50,"COMEY: GENERAL FLYNN WAS IN LEGAL JEOPARDY
AT TIME OF FEBRUARY 14 CONVERSATION"
MSNBC,11:21:00,COMEY: TRUMP LIED ABOUT REASONS FOR FIRING
MSNBC,11:21:30,"COMEY: I TAKE TRUMP ""AT HIS WORD"" THAT I
WAS FIRED ""BECAUSE OF THE RUSSIA INVESTIGATION"""
CNN,11:21:50,COMEY: I TOOK TRUMP'S WORDS AS DIRECTION
FOX,11:22:00,COMEY: NOBODY ASKED ME TO STOP RUSSIA PROBE
MSNBC,11:22:00,"COMEY: ""LORDY, I HOPE THERE ARE TAPES"" OF TRUMP MEETINGS"
MSNBC,11:22:40,"COMEY: ""SURE"" SPECIAL COUNSEL IS LOOKING
INTO WHETHER TRUMP OBSTRUCTED JUSTICE"
CNN,11:22:40,COMEY: TRUMP ADMIN LIED ABOUT ME & FBI
MSNBC,11:22:50,"COMEY: WROTE MEETING NOTES BECAUSE I ""KNEW""
l MIGHT NEED RECORD TO DEFEND MYSELF, FBI"
FOX,11:23:10,COMEY: PRES DID NOT ORDER ME TO LET FLYNN PROBE GO
MSNBC,11:23:40,"COMEY: WROTE TRUMP MEMOS BECAUSE
""I WAS HONESTLY CONCERNED THAT HE MIGHT LIE"""
MSNBC,11:24:00,COMEY: TRUMP LIED ABOUT REASONS FOR FIRING
CNN,11:24:00,"COMEY: ""LORDY, I HOPE THERE ARE TAPES"" OF TRUMP MEETING"
FOX,11:24:10,COMEY: I HOPE THERE ARE TAPES OF TRUMP MEETINGS
MSNBC,11:24:30,"COMEY: I TAKE TRUMP ""AT HIS WORD"" THAT I
WAS FIRED ""BECAUSE OF THE RUSSIA INVESTIGATION"""
MSNBC,11:25:10,"COMEY: ""LORDY, I HOPE THERE ARE TAPES"" OF TRUMP MEETINGS"
FOX,11:25:30,COMEY: TRUMP ADMINISTRATION CHOSE TO DEFAME ME
MSNBC,11:25:30,"COMEY: ""SURE"" SPECIAL COUNSEL IS LOOKING
INTO WHETHER TRUMP OBSTRUCTED JUSTICE"
MSNBC,11:25:50,"COMEY: WROTE MEETING NOTES BECAUSE I ""KNEW""
l MIGHT NEED RECORD TO DEFEND MYSELF, FBI"
FOX,11:26:20,COMEY: NOBODY ASKED ME TO STOP RUSSIA PROBE
FOX,11:26:50,COMEY: I ASKED FRIEND TO GIVE MEMO TO REPORTER
CNN,11:27:00,COMEY: NO DOUBT RUSSIA MEDDLED IN ELECTION
MSNBC,11:27:40,"COMEY: WROTE TRUMP MEMOS BECAUSE
""I WAS HONESTLY CONCERNED THAT HE MIGHT LIE"""
FOX,11:28:40,COMEY: NOT FOR ME TO SAY IF TRUMP OBSTRUCTED
MSNBC,11:28:50,COMEY: TRUMP LIED ABOUT REASONS FOR FIRING
CNN,11:29:20,COMEY: TRUMP ADMIN LIED ABOUT ME & FBI
FOX,11:29:40,COMEY: PRESIDENT TRUMP ASKED ME FOR LOYALTY
MSNBC,11:29:50,"COMEY: I ASKED PROFESSOR ""FRIEND OF MINE""
TO SHOW MEETING MEMOS TO REPORTER"
MSNBC,11:30:30,"COMEY: SESSIONS ROLE IN RUSSIA PROBE
""PROBLEMATIC,"" CAN'T DISCUSS PUBLICLY"
FOX,11:31:00,COMEY: SHARED MEMO TO PROMPT SPECIAL COUNSEL
CNN,11:31:10,FIRED FBI CHIEF COMEY TESTIFIES AT SENATE HEARING
CNN,11:31:20,COMEY: TRUMP ADMIN LIED ABOUT ME & FBI
MSNBC,11:31:30,COMEY: TRUMP LIED ABOUT REASONS FOR FIRING
CNN,11:31:50,"COMEY: I SHARED MEMO ON TRUMP MEETING WITH FRIEND

 

Says he thought it would prompt appointment of special prosecutor"
MSNBC,11:32:10,"COMEY: I TAKE TRUMP ""AT HIS WORD"" THAT I
WAS FIRED ""BECAUSE OF THE RUSSIA INVESTIGATION"""
FOX,11:32:40,COMEY: RUSSIA PROBE PLAYED ROLE IN MY FIRING
MSNBC,11:33:00,"COMEY: ""LORDY, I HOPE THERE ARE TAPES"" OF TRUMP MEETINGS"
CNN,11:33:20,COMEY: I TOOK TRUMP'S WORDS AS DIRECTION
MSNBC,11:33:50,"COMEY: ""SURE"" SPECIAL COUNSEL IS LOOKING
INTO WHETHER TRUMP OBSTRUCTED JUSTICE"
FOX,11:34:00,COMEY: PRES DID NOT ORDER ME TO LET FLYNN PROBE GO
MSNBC,11:34:30,"COMEY: WROTE MEETING NOTES BECAUSE I ""KNEW""
I MIGHT NEED RECORD TO DEFEND MYSELF, FBI"
MSNBC,11:35:00,"COMEY: WROTE TRUMP MEMOS BECAUSE
""I WAS HONESTLY CONCERNED THAT HE MIGHT LIE"""
MSNBC,11:35:20,"COMEY: I ASKED PROFESSOR ""FRIEND OF MINE""
TO SHOW MEETING MEMOS TO REPORTER"
FOX,11:35:50,"COMEY: I THOUGHT SOMETHING WAS ABOUT TO
HAPPEN WHEN TRUMP CLEARED ROOM ON FEB 14"
MSNBC,11:36:00,"COMEY: SESSIONS ROLE IN RUSSIA PROBE
""PROBLEMATIC,"" CAN'T DISCUSS PUBLICLY"
FOX,11:36:30,COMEY: PRESIDENT TRUMP ASKED ME FOR LOYALTY
MSNBC,11:36:30,COMEY: TRUMP LIED ABOUT REASONS FOR FIRING
MSNBC,11:36:50,"COMEY: I TAKE TRUMP ""AT HIS WORD"" THAT I
WAS FIRED ""BECAUSE OF THE RUSSIA INVESTIGATION"""
MSNBC,11:37:30,"COMEY: ""LORDY, I HOPE THERE ARE TAPES"" OF TRUMP MEETINGS"
FOX,11:37:40,COMEY: I ASKED FRIEND TO GIVE MEMO TO REPORTER
MSNBC,11:37:50,"COMEY: I ASKED PROFESSOR ""FRIEND OF MINE""
TO SHOW MEETING MEMOS TO REPORTER"
CNN,11:37:50,"COMEY: I SHARED MEMO ON TRUMP MEETING WITH FRIEND

Says he thought it would prompt appointment of special counsel"
CNN,11:38:10,"COMEY: ""LORDY, I HOPE THERE ARE TAPES"" OF TRUMP MEETING"
FOX,11:38:30,COMEY: SHARED MEMO TO PROMPT SPECIAL COUNSEL
CNN,11:38:40,"COMEY: I SHARED MEMO ON TRUMP MEETING WITH FRIEND

 

Says he thought it would prompt appointment of special counsel"
MSNBC,11:38:50,"COMEY: ""SURE"" SPECIAL COUNSEL IS LOOKING
INTO WHETHER TRUMP OBSTRUCTED JUSTICE"
CNN,11:39:00,COMEY: I TOOK TRUMP'S WORDS AS DIRECTION
MSNBC,11:39:20,"COMEY: WROTE MEETING NOTES BECAUSE I ""KNEW""
I MIGHT NEED RECORD TO DEFEND MYSELF, FBI"
CNN,11:39:50,COMEY: I TOOK TRUMP'S WORDS AS DIRECTION
CNN,11:40:00,COMEY: NO DOUBT RUSSIA MEDDLED IN ELECTION
FOX,11:40:10,COMEY: NOT FOR ME TO SAY IF TRUMP OBSTRUCTED
CNN,11:40:50,COMEY: I TOOK TRUMP'S WORDS AS DIRECTION
FOX,11:41:00,"COMEY: DINNER WITH PRESIDENT TRUMP
WAS AN EFFORT TO GET MY LOYALTY"
MSNBC,11:41:10,"COMEY: WROTE TRUMP MEMOS BECAUSE
""I WAS HONESTLY CONCERNED THAT HE MIGHT LIE"""
CNN,11:41:10,COMEY: TRUMP ADMIN LIED ABOUT ME & FBI
MSNBC,11:41:50,"COMEY: I ASKED PROFESSOR ""FRIEND OF MINE""
TO SHOW MEETING MEMOS TO REPORTER"
FOX,11:42:20,COMEY: PRES DID NOT ORDER ME TO LET FLYNN PROBE GO
MSNBC,11:42:20,"COMEY: SESSIONS ROLE IN RUSSIA PROBE
""PROBLEMATIC,"" CAN'T DISCUSS PUBLICLY"
CNN,11:42:20,COMEY: I TOOK TRUMP'S WORDS AS DIRECTION
CNN,11:42:40,COMEY: I NEVER INITIATED COMMUNICATION WITH TRUMP
FOX,11:42:40,COMEY: PRESIDENT TRUMP ASKED ME FOR LOYALTY
CNN,11:43:10,COMEY: TRUMP ADMIN LIED ABOUT ME & FBI
FOX,11:43:20,COMEY: PRES DID NOT ORDER ME TO LET FLYNN PROBE GO
MSNBC,11:43:30,COMEY: TRUMP LIED ABOUT REASONS FOR FIRING
CNN,11:43:50,COMEY: I TOOK TRUMP'S WORDS AS DIRECTION
MSNBC,11:44:30,"COMEY: RUSSIANS ""WILL BE BACK"" TO MEDDLE IN ELECTIONS"
FOX,11:44:40,COMEY: NOBODY ASKED ME TO STOP RUSSIA PROBE
MSNBC,11:45:10,"COMEY: I NEVER ""INITIATED"" A CALL TO TRUMP"
CNN,11:45:10,COMEY: NO DOUBT RUSSIA MEDDLED IN ELECTION
FOX,11:45:20,"COMEY: PRESIDENT TRUMP DID NOT ASK
ME TO STOP RUSSIA INVESTIGATION"
FOX,11:45:50,COMEY: PRES DID NOT ORDER ME TO LET FLYNN PROBE GO
FOX,11:46:00,COMEY: I ASKED FRIEND TO GIVE MEMO TO REPORTER
CNN,11:46:10,"COMEY: I SHARED MEMO ON TRUMP MEETING WITH FRIEND

Says he thought it would prompt appointment of special counsel"
FOX,11:46:50,COMEY: SHARED MEMO TO PROMPT SPECIAL COUNSEL
CNN,11:47:00,COMEY: I TOOK TRUMP'S WORDS AS DIRECTION
FOX,11:47:10,"COMEY: I CREATED RECORDS AFTER
NEARLY ALL OF MY CONVERSATIONS"
MSNBC,11:47:10,COMEY: TRUMP LIED ABOUT REASONS FOR FIRING
CNN,11:47:10,"COMEY: I SHARED MEMO ON TRUMP MEETING WITH FRIEND

 

Says he thought it would prompt appointment of special counsel"
FOX,11:47:20,COMEY: I ASKED FRIEND TO GIVE MEMO TO REPORTER
CNN,11:47:30,COMEY: I TOOK TRUMP'S REQUEST ABOUT FLYNN AS A DIRECTIVE
MSNBC,11:47:50,"COMEY: I TAKE TRUMP ""AT HIS WORD"" THAT I
WAS FIRED ""BECAUSE OF THE RUSSIA INVESTIGATION"""
FOX,11:48:00,COMEY: SHARED MEMO TO PROMPT SPECIAL COUNSEL
MSNBC,11:48:20,"COMEY: ""LORDY, I HOPE THERE ARE TAPES"" OF TRUMP MEETINGS"
FOX,11:48:20,COMEY: PRES DID NOT ORDER ME TO LET FlYNN PROBE GO
CNN,11:48:50,COMEY: I TOOK TRUMP'S WORDS AS DIRECTION
MSNBC,11:49:00,"COMEY: ""SURE"" SPECIAL COUNSEL IS LOOKING
INTO WHETHER TRUMP OBSTRUCTED JUSTICE"
MSNBC,11:49:10,"COMEY: WROTE MEETING NOTES BECAUSE I ""KNEW""
I MIGHT NEED RECORD TO DEFEND MYSELF, FBI"
MSNBC,11:49:30,"COMEY: WROTE TRUMP MEMOS BECAUSE
""I WAS HONESTLY CONCERNED THAT HE MIGHT LIE"""
MSNBC,11:49:40,"COMEY: I ASKED PROFESSOR ""FRIEND OF MINE""
TO SHOW MEETING MEMOS TO REPORTER"
CNN,11:50:00,COMEY: TRUMP ADMIN LIED ABOUT ME & FBI
FOX,11:50:00,COMEY: NOT FOR ME TO SAY IF TRUMP OBSTRUCTED
MSNBC,11:50:20,"COMEY: SESSIONS ROLE IN RUSSIA PROBE
""PROBLEMATIC,"" CAN'T DISCUSS PUBLICLY"
CNN,11:50:20,COMEY: I TOOK TRUMP'S REQUEST ABOUT FLYNN AS A DIRECTIVE
MSNBC,11:50:30,"COMEY: RUSSIANS ""WILL BE BACK"" TO MEDDLE IN ELECTIONS"
MSNBC,11:50:50,"COMEY: I NEVER ""INITIATED"" A CALL TO TRUMP"
MSNBC,11:51:00,COMEY: TRUMP LIED ABOUT REASONS FOR FIRING
FOX,11:51:20,COMEY: CONCERNED PRES MIGHT LIE ABOUT MEETING
MSNBC,11:51:30,"COMEY: I TAKE TRUMP ""AT HIS WORD"" THAT I
WAS FIRED ""BECAUSE OF THE RUSSIA INVESTIGATION"""
FOX,11:51:40,COMEY: NOBODY ASKED ME TO STOP RUSSIA PROBE
MSNBC,11:52:00,"COMEY: ""LORDY, I HOPE THERE ARE TAPES"" OF TRUMP MEETINGS"
MSNBC,11:52:20,"COMEY: ""SURE"" SPECIAL COUNSEL IS LOOKING
INTO WHETHER TRUMP OBSTRUCTED JUSTICE"
FOX,11:52:40,"COMEY: LYNCH SAID TO REFER TO CLINTON EMAILS
AS A ""MATTER"" NOT ""INVESTIGATION"""
MSNBC,11:52:50,"COMEY: WROTE MEETING NOTES BECAUSE I ""KNEW""
I MIGHT NEED RECORD TO DEFEND MYSELF, FBI"
CNN,11:53:10,COMEY: TRUMP ADMIN LIED ABOUT ME & FBI
MSNBC,11:53:20,"COMEY: WROTE TRUMP MEMOS BECAUSE
""I WAS HONESTLY CONCERNED THAT HE MIGHT LIE"""
MSNBC,11:54:00,"COMEY: I ASKED PROFESSOR ""FRIEND OF MINE""
TO SHOW MEETING MEMOS TO REPORTER"
CNN,11:54:20,COMEY: I TOOK TRUMP'S REQUEST ABOUT FLYNN AS A DIRECTIVE
FOX,11:54:30,COMEY: NOBODY ASKED ME TO STOP RUSSIA PROBE
MSNBC,11:54:50,"COMEY: SESSIONS ROLE IN RUSSIA PROBE
""PROBLEMATIC,"" CAN'T DISCUSS PUBLICLY"
CNN,11:54:50,"COMEY: I SHARED MEMO ON TRUMP MEETING WITH FRIEND

Says he thought it would prompt appointment of special counsel"
CNN,11:55:00,COMEY: I SHARED MEMO ON TRUMP MEETING WITH FRIEND
MSNBC,11:55:30,"COMEY: RUSSIANS ""WILL BE BACK"" TO MEDDLE IN ELECTIONS"
CNN,11:55:30,"COMEY: I SHARED MEMO ON TRUMP MEETING WITH FRIEND

Says he thought it would prompt appointment of special counsel"
CNN,11:56:30,COMEY: NO DOUBT RUSSIA MEDDLED IN ELECTION
FOX,11:57:10,"COMEY: RUSSIA TRIED TO SHAPE
THE WAY WE THINK, VOTE AND ACT"
CNN,11:57:20,"COMEY: ""LORDY, I HOPE THERE ARE TAPES"" OF TRUMP MEETING"
CNN,11:58:50,COMEY: TRUMP ADMIN LIED ABOUT ME & FBI
MSNBC,11:59:00,COMEY: TRUMP LIED ABOUT REASONS FOR FIRING
FOX,11:59:00,COMEY: RELEASE ALL OF THE TAPES
MSNBC,11:59:20,"COMEY: I TAKE TRUMP ""AT HIS WORD"" THAT I
WAS FIRED ""BECAUSE OF THE RUSSIA INVESTIGATION"""
FOX,11:59:20,COMEY: TRUMP ADMINISTRATION CHOSE TO DEFAME ME
CNN,11:59:50,"COMEY: ""THE PRESIDENT SURELY KNOWS IF HE TAPED ME""

Fired FBI chief urges Trump to ""release all the tapes"" if they exist"
FOX,12:00:00,COMEY: I HOPE THERE ARE TAPES OF TRUMP MEETINGS
FOX,12:00:40,COMEY: CONCERNED PRES MIGHT LIE ABOUT MEETING
MSNBC,12:01:10,"COMEY: ""LORDY, I HOPE THERE ARE TAPES"" OF TRUMP MEETINGS"
FOX,12:01:10,COMEY: NOT FOR ME TO SAY IF TRUMP OBSTRUCTED
CNN,12:01:20,COMEY: NOT FOR ME TO SAY IF TRUMP COMMITTED OBSTRUCTION
FOX,12:01:30,"COMEY: RISK OF A CHILLING EFFECT ON AGENTS IF
THEY HAD HEARD REQUEST TO END FLYNN PROBE"
CNN,12:01:40,COMEY: I ASKED A FRIEND TO SHARE TRUMP MEMO WITH REPORTER
MSNBC,12:01:50,"COMEY: ""SURE"" SPECIAL COUNSEL IS LOOKING
INTO WHETHER TRUMP OBSTRUCTED JUSTICE"
CNN,12:02:10,"COMEY: I ASKED A FRIEND TO SHARE TRUMP MEMO WITH REPORTER

 

Says he thought it would prompt appointment of special counsel"
MSNBC,12:02:20,"COMEY: WROTE MEETING NOTES BECAUSE I ""KNEW""
I MIGHT NEED RECORD TO DEFEND MYSELF, FBI"
FOX,12:02:30,COMEY: I HOPE THERE ARE TAPES OF TRUMP MEETINGS
MSNBC,12:03:10,"COMEY: WROTE TRUMP MEMOS BECAUSE
""I WAS HONESTLY CONCERNED THAT HE MIGHT LIE"""
CNN,12:03:10,COMEY: I ASKED A FRIEND TO SHARE TRUMP MEMO WITH REPORTER
FOX,12:03:20,"COMEY: DINNER WITH PRESIDENT TRUMP
WAS AN EFFORT TO GET MY LOYALTY"
CNN,12:03:30,COMEY: NO DOUBT RUSSIA MEDDLED IN ELECTION
FOX,12:03:40,COMEY: NOBODY ASKED ME TO STOP RUSSIA PROBE
MSNBC,12:04:20,"COMEY: I ASKED PROFESSOR ""FRIEND OF MINE""
TO SHOW MEETING MEMOS TO REPORTER"
MSNBC,12:04:50,"COMEY: SESSIONS ROLE IN RUSSIA PROBE
""PROBLEMATIC,"" CAN'T DISCUSS PUBLICLY"
FOX,12:05:30,COMEY: PRES DID NOT ORDER ME TO LET FlYNN PROBE GO
MSNBC,12:05:40,"COMEY: I NEVER ""INITIATED"" A CALL TO TRUMP"
CNN,12:05:50,COMEY: I TOOK TRUMP'S REQUEST ABOUT FLYNN AS A DIRECTIVE
MSNBC,12:06:00,"COMEY: ""DON'T THINK I SHOULD ANSWER""
IF TRUMP COLLUDED WITH RUSSIA"
MSNBC,12:06:20,"COMEY TO TRUMP: ""RELEASE ALL THE TAPES"""
CNN,12:07:40,COMEY: TRUMP ADMIN LIED ABOUT ME & FBI
FOX,12:08:20,COMEY: RUSSIA PROBE PLAYED ROLE IN MY FIRING
FOX,12:09:20,COMEY: PRESIDENT TRUMP ASKED ME FOR LOYALTY
FOX,12:10:00,COMEY: NOT FOR ME TO SAY IF TRUMP OBSTRUCTED
FOX,12:10:50,COMEY: NOBODY ASKED ME TO STOP RUSSIA PROBE
MSNBC,12:11:30,COMEY: TRUMP LIED ABOUT REASONS FOR FIRING
MSNBC,12:11:40,"COMEY: I TAKE TRUMP ""AT HIS WORD"" THAT I
WAS FIRED ""BECAUSE OF THE RUSSIA INVESTIGATION"""
MSNBC,12:12:00,"COMEY: ""LORDY, I HOPE THERE ARE TAPES"" OF TRUMP MEETINGS"
MSNBC,12:12:20,"COMEY: ""SURE"" SPECIAL COUNSEL IS LOOKING
INTO WHETHER TRUMP OBSTRUCTED JUSTICE"
FOX,12:12:30,COMEY: PRESIDENT TRUMP ASKED ME FOR LOYALTY
MSNBC,12:12:40,"COMEY: WROTE MEETING NOTES BECAUSE I ""KNEW""
l MIGHT NEED RECORD TO DEFEND MYSELF, FBI"
MSNBC,12:13:00,"COMEY: WROTE TRUMP MEMOS BECAUSE
""I WAS HONESTLY CONCERNED THAT HE MIGHT LIE"""
FOX,12:13:10,COMEY: PRES DID NOT ORDER ME TO LET FlYNN PROBE GO
FOX,12:13:30,"COMEY: GENERAL FLYNN WAS IN LEGAL JEOPARDY
AT TIME OF FEBRUARY 14 CONVERSATION"
MSNBC,12:13:40,"COMEY: SESSIONS ROLE IN RUSSIA PROBE
""PROBLEMATIC,"" CAN'T DISCUSS PUBLICLY"
MSNBC,12:14:10,"COMEY: I NEVER ""INITIATED"" A CALL TO TRUMP"
FOX,12:14:20,COMEY: NOBODY ASKED ME TO STOP RUSSIA PROBE
MSNBC,12:14:30,"COMEY: RUSSIANS ""WILL BE BACK"" TO MEDDLE IN ELECTIONS"
MSNBC,12:14:50,"COMEY: ""DON'T THINK I SHOULD ANSWER""
IF TRUMP COLLUDED WITH RUSSIA"
MSNBC,12:15:20,"COMEY TO TRUMP: ""RELEASE ALL THE TAPES"""
FOX,12:15:30,"COMEY: I THOUGHT SOMETHING WAS ABOUT TO
HAPPEN WHEN TRUMP CLEARED ROOM ON FEB 14"
FOX,12:15:50,"COMEY: I WAS CONCERNED TRUMP MIGHT LIE
ABOUT THE CONTENTS OF OUR MEETINGS"
MSNBC,12:16:30,COMEY: I SAW TRUMP'S FLYNN REQUEST AS A DIRECTIVE
FOX,12:16:30,COMEY: MUELLER WILL DO HIS JOB WELL
FOX,12:16:50,COMEY: NOBODY ASKED ME TO STOP RUSSIA PROBE
MSNBC,12:17:30,COMEY: TRUMP LIED ABOUT REASONS FOR FIRING
MSNBC,12:18:10,"COMEY: I TAKE TRUMP ""AT HIS WORD"" THAT I
WAS FIRED ""BECAUSE OF THE RUSSIA INVESTIGATION"""
FOX,12:18:30,COMEY: NOT FOR ME TO SAY IF TRUMP OBSTRUCTED
MSNBC,12:18:40,"COMEY: ""LORDY, I HOPE THERE ARE TAPES"" OF TRUMP MEETINGS"
FOX,12:18:50,"COMEY: THE FBI HAD A CRIMINAL
INVESTIGATION INTO CLINTON EMAIL MATTER"
FOX,12:19:10,"COMEY: LYNCH SAID TO REFER TO CLINTON EMAILS
AS A ""MATTER"" NOT ""INVESTIGATION"""
MSNBC,12:19:20,"COMEY: ""SURE"" SPECIAL COUNSEL IS LOOKING
INTO WHETHER TRUMP OBSTRUCTED JUSTICE"
MSNBC,12:19:40,"COMEY: WROTE MEETING NOTES BECAUSE I ""KNEW""
I MIGHT NEED RECORD TO DEFEND MYSELF, FBI"
MSNBC,12:19:50,"COMEY: ""DON'T THINK I SHOULD ANSWER""
IF TRUMP COLLUDED WITH RUSSIA"
MSNBC,12:21:50,"COMEY TO TRUMP: ""RELEASE ALL THE TAPES"""
MSNBC,12:22:10,COMEY: I SAW TRUMP'S FLYNN REQUEST AS A DIRECTIVE
MSNBC,12:22:20,COMEY: TRUMP LIED ABOUT REASONS FOR FIRING
FOX,12:22:50,COMEY: PRESIDENT TRUMP ASKED ME FOR LOYALTY
MSNBC,12:23:00,"COMEY: I TAKE TRUMP ""AT HIS WORD"" THAT I
WAS FIRED ""BECAUSE OF THE RUSSIA INVESTIGATION"""
MSNBC,12:23:20,"COMEY: ""LORDY, I HOPE THERE ARE TAPES"" OF TRUMP MEETINGS"
MSNBC,12:24:00,"COMEY: ""SURE"" SPECIAL COUNSEL IS LOOKING
INTO WHETHER TRUMP OBSTRUCTED JUSTICE"
FOX,12:24:40,COMEY: NOBODY ASKED ME TO STOP RUSSIA PROBE
CNN,12:24:50,COMEY: I TOOK TRUMP'S WORDS AS DIRECTION
MSNBC,12:25:00,"COMEY: WROTE MEETING NOTES BECAUSE I ""KNEW""
I MIGHT NEED RECORD TO DEFEND MYSELF, FBI"
CNN,12:25:00,COMEY: TRUMP ADMIN LIED ABOUT ME & FBI
CNN,12:25:20,COMEY: I TOOK TRUMP'S REQUEST ABOUT FLYNN AS A DIRECTIVE
MSNBC,12:25:30,"COMEY: WROTE TRUMP MEMOS BECAUSE
""I WAS HONESTLY CONCERNED THAT HE MIGHT LIE"""
MSNBC,12:25:50,"COMEY: SESSIONS ROLE IN RUSSIA PROBE
""PROBLEMATIC,"" CAN'T DISCUSS PUBLICLY"
FOX,12:25:50,COMEY: PRES DID NOT ORDER ME TO LET FlYNN PROBE GO
MSNBC,12:26:10,"COMEY: I NEVER ""INITIATED"" A CALL TO TRUMP"
CNN,12:26:20,COMEY: TRUMP ADMIN LIED ABOUT ME & FBI
CNN,12:26:30,COMEY: TRUMP ADMIN LIED ABOUT ME & FBI
FOX,12:26:40,COMEY: PRESIDENT TRUMP ASKED ME FOR LOYALTY
MSNBC,12:26:50,"COMEY: RUSSIANS ""WILL BE BACK"" TO MEDDLE IN ELECTIONS"
CNN,12:27:10,"COMEY: TRUMP ADMIN ""CHOSE TO DEFAME ME"" AND FBI

 

Says ""those were lies, plain & simple"""
MSNBC,12:27:20,"COMEY: ""DON'T THINK I SHOULD ANSWER""
IF TRUMP COLLUDED WITH RUSSIA"
MSNBC,12:27:40,COMEY: TRUMP LIED ABOUT REASONS FOR FIRING
CNN,12:28:10,"COMEY: TRUMP ADMIN ""CHOSE TO DEFAME ME"" AND FBI"
FOX,12:28:30,COMEY: NOT FOR ME TO SAY IF TRUMP OBSTRUCTED
MSNBC,12:28:40,"COMEY: I TAKE TRUMP ""AT HIS WORD"" THAT I
WAS FIRED ""BECAUSE OF THE RUSSIA INVESTIGATION"""
CNN,12:29:00,COMEY: TRUMP ADMIN LIED ABOUT ME & FBI
FOX,12:29:10,COMEY: RUSSIA PROBE PLAYED ROLE IN MY FIRING
CNN,12:29:40,"COMEY: ""LORDY, I HOPE THERE ARE TAPES"" OF TRUMP MEEI'ING"
FOX,12:29:50,COMEY: I HOPE THERE ARE TAPES OF TRUMP MEETINGS
MSNBC,12:30:00,"COMEY TO TRUMP: ""RELEASE ALL THE TAPES"""
CNN,12:31:10,COMEY: TRUMP ADMIN LIED ABOUT ME & FBI
FOX,12:31:40,"COMEY: THE FBI HAD A CRIMINAL
INVESTIGATION INTO CLINTON EMAIL MATTER"
MSNBC,12:32:40,"COMEY: ""SURE"" SPECIAL COUNSEL IS LOOKING
INTO WHETHER TRUMP OBSTRUCTED JUSTICE"
FOX,12:32:50,"COMEY: RUSSIA TRIED TO SHAPE
THE WAY WE THINK, VOTE AND ACT"
CNN,12:33:10,"COMEY: ""I TAKE THE PRESIDENT'S WORDS, I KNOW I WAS FIRED BECAUSE
OF SOMETHING ABOUT THE WAY I WAS CONDUCTING THE RUSSIA PROBE"""
FOX,12:33:20,"COMEY: THE FBI HAD A CRIMINAL
INVESTIGATION INTO CLINTON EMAIL MATTER"
CNN,12:34:00,COMEY: TRUMP ADMIN LIED ABOUT ME & FBI
FOX,12:34:10,COMEY: NOBODY ASKED ME TO STOP RUSSIA PROBE
MSNBC,12:34:30,COMEY: TRUMP LIED ABOUT REASONS FOR FIRING
CNN,12:34:50,COMEY: I WAS FIRED BECAUSE OF HANDLING OF RUSSIA PROBE
MSNBC,12:35:00,"COMEY: I TAKE TRUMP ""AT HIS WORD"" THAT I
WAS FIRED ""BECAUSE OF THE RUSSIA INVESTIGATION"""
MSNBC,12:35:20,"COMEY: ""LORDY, I HOPE THERE ARE TAPES"" OF TRUMP MEETINGS"
MSNBC,12:35:40,"COMEY: ""SURE"" SPECIAL COUNSEL IS LOOKING
INTO WHETHER TRUMP OBSTRUCTED JUSTICE"
CNN,12:36:00,COMEY: I TOOK TRUMP'S REQUEST ABOUT FLYNN AS A DIRECTIVE
FOX,12:36:10,"COMEY: RUSSIA TRIED TO SHAPE
THE WAY WE THINK, VOTE AND ACT"
MSNBC,12:36:20,"COMEY: WROTE MEETING NOTES BECAUSE I ""KNEW""
I MIGHT NEED RECORD TO DEFEND MYSELF, FBI"
MSNBC,12:36:30,"COMEY: WROTE TRUMP MEMOS BECAUSE
""I WAS HONESTLY CONCERNED THAT HE MIGHT LIE"""
FOX,12:36:30,"COMEY: PRESIDENT TRUMP DID NOT ASK
ME TO STOP RUSSIA INVESTIGATION"
FOX,12:36:50,COMEY: PRESIDENT TRUMP ASKED ME FOR LOYALTY
MSNBC,12:37:10,"COMEY: I ASKED PROFESSOR ""FRIEND OF MINE""
TO SHOW MEETING MEMOS TO REPORTER"
FOX,12:37:20,"COMEY: DINNER WITH PRESIDENT TRUMP
WAS AN EFFORT TO GET MY LOYALTY"
MSNBC,12:37:40,"COMEY: SESSIONS ROLE IN RUSSIA PROBE
""PROBLEMATIC,"" CAN'T DISCUSS PUBLICLY"
MSNBC,12:38:00,"COMEY: ""DON'T THINK I SHOULD ANSWER""
IF TRUMP COLLUDED WITH RUSSIA"
FOX,12:38:10,COMEY: NOBODY ASKED ME TO STOP RUSSIA PROBE
MSNBC,12:38:30,"COMEY TO TRUMP: ""RELEASE ALL THE TAPES"""
CNN,12:38:40,COMEY: TRUMP ADMIN LIED ABOUT ME & FBI
MSNBC,12:39:20,COMEY: TRUMP LIED ABOUT REASONS FOR FIRING
MSNBC,12:39:30,"COMEY: I TAKE TRUMP ""AT HIS WORD"" THAT I
WAS FIRED ""BECAUSE OF THE RUSSIA INVESTIGATION"""
FOX,12:39:30,COMEY: PRESIDENT TRUMP ASKED ME FOR LOYALTY
MSNBC,12:40:10,"COMEY: ""LORDY, I HOPE THERE ARE TAPES"" OF TRUMP MEETINGS"
MSNBC,12:40:40,"COMEY: ""SURE"" SPECIAL COUNSEL IS LOOKING
INTO WHETHER TRUMP OBSTRUCTED JUSTICE"
FOX,12:40:50,COMEY: NOT FOR ME TO SAY IF TRUMP OBSTRUCTED
MSNBC,12:41:00,"COMEY: WROTE MEETING NOTES BECAUSE I ""KNEW""
I MIGHT NEED RECORD TO DEFEND MYSELF, FBI"
MSNBC,12:41:50,"COMEY: WROTE TRUMP MEMOS BECAUSE
""I WAS HONESTLY CONCERNED THAT HE MIGHT LIE"""
MSNBC,12:42:40,"COMEY: SESSIONS ROLE IN RUSSIA PROBE
""PROBLEMATIC,"" CAN'T DISCUSS PUBLICLY"
FOX,12:42:40,COMEY: PRES DID NOT ORDER ME TO LET FlYNN PROBE GO
MSNBC,12:43:00,"COMEY TO TRUMP: ""RELEASE ALL THE TAPES"""
FOX,12:43:10,COMEY: CONCERNED PRES MIGHT LIE ABOUT MEETING
MSNBC,12:43:20,COMEY: TRUMP LIED ABOUT REASONS FOR FIRING
FOX,12:43:30,COMEY: CONCERNED PRES MIGHT ME ABOUT MEETING
MSNBC,12:43:40,"COMEY: I TAKE TRUMP ""AT HIS WORD"" THAT I
WAS FIRED ""BECAUSE OF THE RUSSIA INVESTIGATION"""
CNN,12:43:50,"COMEY: ""LORDY, I HOPE THERE ARE TAPES"" OF TRUMP MEETING"
FOX,12:44:00,AWAITING STATEMENT FROM PRES TRUMP'S OUTSIDE ATTY
CNN,12:44:10,COMEY: WROTE MEMOS AFTER FEARING TRUMP WOULD LIE
MSNBC,12:44:20,"COMEY: ""LORDY, I HOPE THERE ARE TAPES"" OF TRUMP MEETINGS"
CNN,12:44:30,"COMEY: YES, I BELIEVE RUSSIA PROBE PLAYED ROLE IN FIRING"
MSNBC,12:44:50,"COMEY: ""SURE"" SPECIAL COUNSEL IS LOOKING
INTO WHETHER TRUMP OBSTRUCTED JUSTICE"
CNN,12:45:00,"COMEY: I HAD FRIEND SHARE DETAILS OF MEMO TO PRESS

Says he thought it would prompt appointment of special counsel"
MSNBC,12:45:10,"COMEY: WROTE MEETING NOTES BECAUSE I ""KNEW""
I MIGHT NEED RECORD TO DEFEND MYSELF, FBI"
FOX,12:45:10,AWAITING STATEMENTS FROM SEN BURR & SEN WARNER
MSNBC,12:45:30,"COMEY: I ASKED PROFESSOR ""FRIEND OF MINE""
TO SHOW MEETING MEMOS TO REPORTER"
CNN,12:45:40,COMEY: TRUMP ADMINISTRATION LIED ABOUT ME & FBI
MSNBC,12:46:20,"COMEY: SESSIONS ROLE IN RUSSIA PROBE
""PROBLEMATIC,"" CAN'T DISCUSS PUBLICLY"
CNN,12:46:20,COMEY: I TOOK TRUMP'S REQUEST ABOUT FLYNN AS A DIRECTIVE
MSNBC,12:46:40,"COMEY TO TRUMP: ""RELEASE ALL THE TAPES"""
CNN,12:46:40,"COMEY: ""LORDY, I HOPE THERE ARE TAPES"" OF TRUMP MEETING"
CNN,12:47:10,COMEY: WROTE MEMOS AFTER FEARING TRUMP WOULD LIE
FOX,12:47:30,AWAITING STATEMENT FROM PRES TRUMP'S OUTSIDE ATTY
CNN,12:47:40,"COMEY: LYNCH SAID TO CALL CLINTON CASE A ""MATTER""

 

Comey: Ex-Obama Atty General wanted ""matter"" instead of ""investigation"""
MSNBC,12:47:50,COMEY: TRUMP LIED ABOUT REASONS FOR FIRING
